en	fr	it	ru	el
hello	bonjour	ciao	привет	γεια
good morning	bonjour	buongiorno	доброе утро	καλημέρα
good evening	bonsoir	buonasera	добрый вечер	καλησπέρα
good night	bonne nuit	buonanotte	спокойной ночи	καληνύχτα
goodbye	au revoir	arrivederci	до свидания	αντίο
please	s'il vous plaît/s'il te plaît	per favore/per piacere	пожалуйста	παρακαλώ
thank you	merci	grazie	спасибо	ευχαριστώ
you're welcome	de rien	prego	не за что	παρακαλώ
sorry	désolé/pardon	scusa/scusi/mi dispiace	извините/простите/прости	συγγνώμη/συγνώμη
excuse me	excusez-moi/pardon	scusi/scusa/permesso	извините/простите	με συγχωρείτε/συγγνώμη
yes	oui	sì/si	да	ναι
no	non	no	нет	όχι
I don't understand	je ne comprends pas	non capisco	я не понимаю	δεν καταλαβαίνω
I don't know	je ne sais pas	non lo so	я не знаю	δεν ξέρω
how are you	comment allez-vous/comment vas-tu/ça va	come stai/come sta/come va	как дела/как поживаешь/как ты	τι κάνεις/πώς είσαι/τι κάνετε
what's your name	comment vous appelez-vous/comment t'appelles-tu/tu t'appelles comment	come ti chiami/come si chiama	как тебя зовут/как вас зовут	πώς σε λένε/πώς σας λένε
nice to meet you	enchanté	piacere	приятно познакомиться/очень приятно	χαίρω πολύ
how much is it	combien ça coûte/c'est combien	quanto costa	сколько стоит	πόσο κάνει/πόσο κοστίζει
do you speak English	parlez-vous anglais	parla inglese/parli inglese	вы говорите по-английски/ты говоришь по-английски	μιλάτε αγγλικά/μιλάς αγγλικά
I would like	je voudrais	vorrei	я хотел бы/я хотела бы/хочу	θα ήθελα
happy birthday	joyeux anniversaire	buon compleanno	с днём рождения/с днем рождения	χρόνια πολλά
enjoy your meal	bon appétit	buon appetito	приятного аппетита	καλή όρεξη
good luck	bonne chance	buona fortuna/in bocca al lupo	удачи	καλή τύχη
welcome	bienvenue	benvenuto	добро пожаловать	καλώς ήρθατε/καλώς ήρθες/καλωσορίσατε
who	qui	chi	кто	ποιος
what	quoi/que/qu'est-ce que	che cosa/cosa/che	что	τι
where	où	dove	где	πού
when	quand	quando	когда	πότε
why	pourquoi	perché	почему/зачем	γιατί
how	comment	come	как	πώς
how much	combien	quanto	сколько	πόσο
which	quel	quale	какой	ποιος/ποιο
Monday	lundi	lunedì	понедельник	δευτέρα
Tuesday	mardi	martedì	вторник	τρίτη
Wednesday	mercredi	mercoledì	среда	τετάρτη
Thursday	jeudi	giovedì	четверг	πέμπτη
Friday	vendredi	venerdì	пятница	παρασκευή
Saturday	samedi	sabato	суббота	σάββατο
Sunday	dimanche	domenica	воскресенье	κυριακή
January	janvier	gennaio	январь	ιανουάριος
February	février	febbraio	февраль	φεβρουάριος
March	mars	marzo	март	μάρτιος
April	avril	aprile	апрель	απρίλιος
May	mai	maggio	май	μάιος/μάης
June	juin	giugno	июнь	ιούνιος
July	juillet	luglio	июль	ιούλιος
August	août	agosto	август	αύγουστος
September	septembre	settembre	сентябрь	σεπτέμβριος
October	octobre	ottobre	октябрь	οκτώβριος
November	novembre	novembre	ноябрь	νοέμβριος
December	décembre	dicembre	декабрь	δεκέμβριος
spring	printemps	primavera	весна	άνοιξη
summer	été	estate	лето	καλοκαίρι
autumn	automne	autunno	осень	φθινόπωρο
winter	hiver	inverno	зима	χειμώνας
zero	zéro	zero	ноль/нуль	μηδέν
one	un	uno	один	ένα/ένας/ένα
two	deux	due	два	δύο
three	trois	tre	три	τρία/τρεις
four	quatre	quattro	четыре	τέσσερα/τέσσερις/τέσσερα
five	cinq	cinque	пять	πέντε
six	six	sei	шесть	έξι
seven	sept	sette	семь	επτά/εφτά
eight	huit	otto	восемь	οκτώ/οχτώ
nine	neuf	nove	девять	εννέα/εννιά
ten	dix	dieci	десять	δέκα
twenty	vingt	venti	двадцать	είκοσι
hundred	cent	cento	сто	εκατό
thousand	mille	mille/mila	тысяча	χίλια/χίλιοι
I	je	io	я	εγώ
you	tu	tu	ты	εσύ
he	il	lui	он	αυτός
she	elle	lei	она	αυτή
we	nous	noi	мы	εμείς
they	ils/elles	loro	они	αυτοί/αυτές/αυτά
you	vous	voi	вы	εσείς
to be	être	essere	быть	είμαι
to have	avoir	avere	иметь	έχω
to go	aller	andare	идти/ходить	πηγαίνω/πάω
to come	venir	venire	приходить/прийти/ехать	έρχομαι
to do/make	faire	fare	делать	κάνω
to want	vouloir	volere	хотеть	θέλω
can	pouvoir	potere	мочь/уметь	μπορώ
to know	savoir/connaître	sapere/conoscere	знать	ξέρω
to see	voir	vedere	видеть	βλέπω
to eat	manger	mangiare	есть/кушать	τρώω
to drink	boire	bere	пить	πίνω
to sleep	dormir	dormire	спать	κοιμάμαι
to live	habiter/vivre	abitare/vivere	жить	ζω/μένω
to work	travailler	lavorare	работать	δουλεύω
to speak	parler	parlare	говорить	μιλάω/μιλώ
to like/love	aimer	amare/piacere	любить/нравиться	αγαπώ/αγαπάω
to buy	acheter	comprare	покупать/купить	αγοράζω
to open	ouvrir	aprire	открывать/открыть	ανοίγω
to close	fermer	chiudere	закрывать/закрыть	κλείνω
to read	lire	leggere	читать	διαβάζω
to write	écrire	scrivere	писать	γράφω
to give	donner	dare	давать/дать	δίνω
to take	prendre	prendere	брать/взять	παίρνω
to say	dire	dire	сказать/говорить	λέω
to learn	apprendre	imparare	учить/учиться/изучать	μαθαίνω
to understand	comprendre	capire	понимать/понять	καταλαβαίνω
to listen	écouter	ascoltare	слушать	ακούω
to look	regarder	guardare	смотреть	κοιτάζω/κοιτώ/κοιτάω
to wait	attendre	aspettare	ждать	περιμένω
to help	aider	aiutare	помогать/помочь	βοηθώ/βοηθάω
to ask	demander	chiedere	спрашивать/спросить	ρωτάω/ρωτώ
to answer	répondre	rispondere	отвечать/ответить	απαντώ/απαντάω
to start	commencer	cominciare/iniziare	начинать/начать	αρχίζω
to finish	finir/terminer	finire/terminare	заканчивать/кончать/закончить	τελειώνω
to call	appeler	chiamare	звонить/называть	τηλεφωνώ/καλώ/τηλεφωνάω
to wash	laver	lavare	мыть	πλένω
to cook	cuisiner/cuire/faire la cuisine	cucinare	готовить	μαγειρεύω
to play	jouer	giocare	играть	παίζω
to walk	marcher	camminare	ходить/идти	περπατώ/περπατάω
to run	courir	correre	бежать/бегать	τρέχω
to sit	s'asseoir	sedersi	сидеть/садиться	κάθομαι
to wake up	se réveiller	svegliarsi	просыпаться/проснуться	ξυπνάω/ξυπνώ
to get up	se lever	alzarsi	вставать	σηκώνομαι
to wear	porter	indossare/portare	носить	φοράω/φορώ
to pay	payer	pagare	платить	πληρώνω
to sell	vendre	vendere	продавать	πουλάω/πουλώ
to find	trouver	trovare	находить/найти	βρίσκω
to travel	voyager	viaggiare	путешествовать	ταξιδεύω
to swim	nager	nuotare	плавать	κολυμπάω/κολυμπώ
to dance	danser	ballare	танцевать	χορεύω
to sing	chanter	cantare	петь	τραγουδάω/τραγουδώ
to study	étudier	studiare	учиться/изучать	μελετάω/σπουδάζω/μελετώ
to remember	se souvenir	ricordare/ricordarsi	помнить	θυμάμαι
to think	penser	pensare	думать	σκέφτομαι
to need	avoir besoin	avere bisogno	нуждаться	χρειάζομαι
to stay	rester	restare/stare	оставаться	μένω
to wait for/meet	rencontrer	incontrare	встречать/встретить	συναντώ/συναντάω
mother	mère/maman	madre/mamma	мама/мать	μητέρα/μαμά
father	père/papa	padre/papà	папа/отец	πατέρας/μπαμπάς
brother	frère	fratello	брат	αδελφός/αδερφός
sister	sœur	sorella	сестра	αδελφή/αδερφή
son	fils	figlio	сын	γιος
daughter	fille	figlia	дочь	κόρη
husband	mari	marito	муж	σύζυγος/άντρας/άνδρας
wife	femme/épouse	moglie	жена	σύζυγος/γυναίκα
grandmother	grand-mère	nonna	бабушка	γιαγιά
grandfather	grand-père	nonno	дедушка	παππούς
child	enfant	bambino	ребёнок/ребенок	παιδί
friend	ami	amico	друг	φίλος
baby	bébé	neonato/bambino	малыш/младенец	μωρό
man	homme	uomo	мужчина	άντρας/άνδρας/άνθρωπος
woman	femme	donna	женщина	γυναίκα
boy	garçon	ragazzo	мальчик	αγόρι
girl	fille	ragazza	девочка	κορίτσι
teacher	professeur/enseignant	insegnante/professore	учитель	δάσκαλος/καθηγητής
student	étudiant/élève	studente	студент/ученик	φοιτητής/μαθητής/σπουδαστής
doctor	médecin/docteur	medico/dottore	врач/доктор	γιατρός
head	tête	testa	голова	κεφάλι
eye	œil/yeux	occhio	глаз	μάτι
ear	oreille	orecchio	ухо	αυτί
nose	nez	naso	нос	μύτη
mouth	bouche	bocca	рот	στόμα
hand	main	mano	рука	χέρι
foot	pied	piede	нога/ступня	πόδι/πέλμα
arm	bras	braccio	рука	χέρι/μπράτσο
leg	jambe	gamba	нога	πόδι
hair	cheveux	capelli	волосы	μαλλιά
face	visage/figure	viso/faccia	лицо	πρόσωπο
tooth	dent	dente	зуб	δόντι
stomach	ventre/estomac	stomaco/pancia	живот/желудок	στομάχι/κοιλιά
heart	cœur	cuore	сердце	καρδιά
back	dos	schiena	спина	πλάτη
finger	doigt	dito	палец	δάχτυλο/δάκτυλο
bread	pain	pane	хлеб	ψωμί
water	eau	acqua	вода	νερό
milk	lait	latte	молоко	γάλα
coffee	café	caffè	кофе	καφές
tea	thé	tè	чай	τσάι
egg	œuf	uovo	яйцо	αυγό/αβγό
meat	viande	carne	мясо	κρέας
fish	poisson	pesce	рыба	ψάρι
chicken	poulet	pollo	курица	κοτόπουλο
rice	riz	riso	рис	ρύζι
cheese	fromage	formaggio	сыр	τυρί
butter	beurre	burro	масло	βούτυρο
sugar	sucre	zucchero	сахар	ζάχαρη
salt	sel	sale	соль	αλάτι
apple	pomme	mela	яблоко	μήλο
banana	banane	banana	банан	μπανάνα
orange	orange	arancia	апельсин	πορτοκάλι
potato	pomme de terre	patata	картофель/картошка	πατάτα
tomato	tomate	pomodoro	помидор/томат	ντομάτα
vegetable	légume	verdura/ortaggio	овощ	λαχανικό
fruit	fruit	frutta/frutto	фрукт	φρούτο
juice	jus	succo	сок	χυμός
beer	bière	birra	пиво	μπύρα
wine	vin	vino	вино	κρασί
breakfast	petit-déjeuner	colazione	завтрак	πρωινό
lunch	déjeuner	pranzo	обед	μεσημεριανό/γεύμα
dinner	dîner	cena	ужин	βραδινό/δείπνο
restaurant	restaurant	ristorante	ресторан	εστιατόριο
menu	menu/carte	menù/menu	меню	μενού/κατάλογος
soup	soupe	zuppa	суп	σούπα
meal	repas	pasto	еда/приём пищи	γεύμα/φαγητό
house	maison	casa	дом	σπίτι
room	pièce/chambre	stanza/camera	комната	δωμάτιο
kitchen	cuisine	cucina	кухня	κουζίνα
bedroom	chambre	camera da letto/camera	спальня	υπνοδωμάτιο
bathroom	salle de bains	bagno	ванная	μπάνιο
door	porte	porta	дверь	πόρτα
window	fenêtre	finestra	окно	παράθυρο
table	table	tavolo/tavola	стол	τραπέζι
chair	chaise	sedia	стул	καρέκλα
bed	lit	letto	кровать	κρεβάτι
key	clé/clef	chiave	ключ	κλειδί
garden	jardin	giardino	сад	κήπος
apartment	appartement	appartamento	квартира	διαμέρισμα
school	école	scuola	школа	σχολείο
shop	magasin/boutique	negozio	магазин	κατάστημα/μαγαζί
supermarket	supermarché	supermercato	супермаркет	σούπερ μάρκετ/σουπερμάρκετ
bank	banque	banca	банк	τράπεζα
hospital	hôpital	ospedale	больница	νοσοκομείο
pharmacy	pharmacie	farmacia	аптека	φαρμακείο
post office	poste/bureau de poste	posta/ufficio postale	почта	ταχυδρομείο
station	gare	stazione	вокзал/станция	σταθμός
airport	aéroport	aeroporto	аэропорт	αεροδρόμιο
hotel	hôtel	albergo/hotel	гостиница/отель	ξενοδοχείο
street	rue	strada/via	улица	δρόμος/οδός
city	ville	città	город	πόλη
village	village	villaggio/paese	деревня/село	χωριό
country	pays	paese	страна	χώρα
park	parc	parco	парк	πάρκο
market	marché	mercato	рынок	αγορά/λαϊκή
church	église	chiesa	церковь	εκκλησία
museum	musée	museo	музей	μουσείο
beach	plage	spiaggia	пляж	παραλία
sea	mer	mare	море	θάλασσα
mountain	montagne	montagna	гора	βουνό
river	rivière/fleuve	fiume	река	ποτάμι
toilet	toilettes	bagno/toilette	туалет	τουαλέτα
office	bureau	ufficio	офис	γραφείο
cinema	cinéma	cinema	кинотеатр/кино	κινηματογράφος/σινεμά
library	bibliothèque	biblioteca	библиотека	βιβλιοθήκη
car	voiture	macchina/auto	машина/автомобиль	αυτοκίνητο
bus	bus/autobus	autobus/bus	автобус	λεωφορείο
train	train	treno	поезд	τρένο
plane	avion	aereo	самолёт/самолет	αεροπλάνο
bicycle	vélo/bicyclette	bicicletta	велосипед	ποδήλατο
taxi	taxi	taxi	такси	ταξί
ticket	billet	biglietto	билет	εισιτήριο
metro	métro	metropolitana/metro	метро	μετρό
boat	bateau	barca/nave	лодка/корабль	βάρκα/πλοίο
day	jour/journée	giorno/giornata	день	μέρα/ημέρα
night	nuit	notte	ночь	νύχτα/βράδυ
morning	matin	mattina	утро	πρωί
afternoon	après-midi	pomeriggio	день/после обеда	απόγευμα
evening	soir	sera	вечер	βράδυ/βράδι
today	aujourd'hui	oggi	сегодня	σήμερα
tomorrow	demain	domani	завтра	αύριο
yesterday	hier	ieri	вчера	χθες/χτες
now	maintenant	adesso/ora	сейчас/теперь	τώρα
week	semaine	settimana	неделя	εβδομάδα
month	mois	mese	месяц	μήνας
year	an/année	anno	год	χρόνος/έτος
hour	heure	ora	час	ώρα
minute	minute	minuto	минута	λεπτό
time	temps/fois	tempo/volta	время/раз	ώρα/χρόνος/φορά
always	toujours	sempre	всегда	πάντα
never	jamais	mai	никогда	ποτέ
sometimes	parfois/quelquefois	a volte/qualche volta	иногда	μερικές φορές/καμιά φορά/μερικές φορές
often	souvent	spesso	часто	συχνά
early	tôt	presto	рано	νωρίς
late	tard	tardi	поздно	αργά
weekend	week-end	fine settimana/weekend	выходные/уикенд	σαββατοκύριακο
big	grand	grande	большой	μεγάλος
small	petit	piccolo	маленький	μικρός
good	bon	buono	хороший	καλός
bad	mauvais	cattivo	плохой	κακός
new	nouveau	nuovo	новый	καινούργιος/νέος/καινούριος
old	vieux/ancien	vecchio	старый	παλιός/γέρος/παλαιός
young	jeune	giovane	молодой	νέος/νεαρός
hot	chaud	caldo	горячий/жаркий	ζεστός
cold	froid	freddo	холодный	κρύος/κρύο
happy	heureux/content	felice/contento	счастливый/рад	χαρούμενος/ευτυχισμένος
sad	triste	triste	грустный	λυπημένος/στεναχωρημένος/θλιμμένος
tired	fatigué	stanco	усталый	κουρασμένος
hungry	affamé/faim	affamato/fame	голодный	πεινασμένος
thirsty	soif/assoiffé	assetato/sete	жаждущий	διψασμένος
beautiful	beau/joli	bello/bella	красивый	όμορφος/ωραίος
ugly	laid	brutto	некрасивый/уродливый	άσχημος/ασχημος
easy	facile	facile	лёгкий/легкий/простой	εύκολος
difficult	difficile	difficile	трудный/сложный	δύσκολος
expensive	cher	costoso/caro	дорогой	ακριβός
cheap	bon marché	economico	дешёвый/дешевый	φθηνός/φτηνός
fast	rapide	veloce/rapido	быстрый	γρήγορος
slow	lent	lento	медленный	αργός
tall	grand	alto	высокий	ψηλός
short	court/petit	corto/basso	короткий/низкий	κοντός/κοντό
long	long	lungo	длинный	μακρύς/μακρύ
clean	propre	pulito	чистый	καθαρός
dirty	sale	sporco	грязный	βρώμικος
full	plein	pieno	полный	γεμάτος
empty	vide	vuoto	пустой	άδειος
right (correct)	juste/correct/exact	giusto/corretto	правильный	σωστός
wrong	faux/mauvais	sbagliato	неправильный/неверный	λάθος
free (no cost)	gratuit	gratuito	бесплатный	δωρεάν
open (adj)	ouvert	aperto	открытый	ανοιχτός/ανοικτός
closed (adj)	fermé	chiuso	закрытый	κλειστός
ill	malade	malato	больной	άρρωστος
rich	riche	ricco	богатый	πλούσιος
poor	pauvre	povero	бедный	φτωχός
strong	fort	forte	сильный	δυνατός/ισχυρός
weak	faible	debole	слабый	αδύναμος/αδύνατος
important	important	importante	важный	σημαντικός
kind	gentil	gentile	добрый/милый	ευγενικός/ευγενής
same	même	stesso	одинаковый	ίδιος
different	différent	diverso/differente	разный/другой	διαφορετικός
light (weight)	léger	leggero	лёгкий/легкий	ελαφρύς
heavy	lourd	pesante	тяжёлый/тяжелый	βαρύς
red	rouge	rosso	красный	κόκκινος/κόκκινο
blue	bleu	blu/azzurro	синий/голубой	μπλε
green	vert	verde	зелёный/зеленый	πράσινος/πράσινο
yellow	jaune	giallo	жёлтый/желтый	κίτρινος/κίτρινο
black	noir	nero	чёрный/черный	μαύρος/μαύρο
white	blanc	bianco	белый	άσπρος/λευκός/άσπρο
brown	marron/brun	marrone	коричневый	καφέ
grey	gris	grigio	серый	γκρι
pink	rose	rosa	розовый	ροζ
purple	violet/mauve	viola	фиолетовый	μωβ/βιολετί
shirt	chemise	camicia	рубашка	πουκάμισο
trousers	pantalon	pantaloni	брюки/штаны	παντελόνι
dress	robe	vestito/abito	платье	φόρεμα
skirt	jupe	gonna	юбка	φούστα
shoes	chaussures	scarpe	туфли/обувь/ботинки	παπούτσια
hat	chapeau	cappello	шляпа	καπέλο
coat	manteau	cappotto	пальто	παλτό
jacket	veste	giacca	куртка/пиджак	μπουφάν/σακάκι
socks	chaussettes	calzini	носки	κάλτσες
t-shirt	t-shirt/tee-shirt	maglietta/t-shirt	футболка	μπλούζα/μπλουζάκι
bag	sac	borsa	сумка	τσάντα
sun	soleil	sole	солнце	ήλιος
rain	pluie	pioggia	дождь	βροχή
snow	neige	neve	снег	χιόνι
wind	vent	vento	ветер	αέρας/άνεμος
cloud	nuage	nuvola	облако	σύννεφο
weather	météo/temps	tempo/meteo	погода	καιρός
storm	orage	temporale/tempesta	гроза/буря	καταιγίδα
dog	chien	cane	собака	σκύλος
cat	chat	gatto	кошка/кот	γάτα/γάτος
bird	oiseau	uccello	птица	πουλί
horse	cheval	cavallo	лошадь	άλογο
cow	vache	mucca	корова	αγελάδα
pig	cochon/porc	maiale	свинья	γουρούνι
sheep	mouton	pecora	овца	πρόβατο
mouse	souris	topo	мышь	ποντίκι
rabbit	lapin	coniglio	кролик	κουνέλι
book	livre	libro	книга	βιβλίο
pen	stylo	penna	ручка	στυλό
pencil	crayon	matita	карандаш	μολύβι
paper	papier	carta	бумага	χαρτί
notebook	cahier	quaderno	тетрадь	τετράδιο
phone	téléphone	telefono	телефон	τηλέφωνο
computer	ordinateur	computer	компьютер	υπολογιστής
television	télévision/télé	televisione/tv	телевизор	τηλεόραση
newspaper	journal	giornale	газета	εφημερίδα
letter	lettre	lettera	письмо	γράμμα
clock	montre/horloge	orologio	часы	ρολόι
photo	photo	foto/fotografia	фото/фотография	φωτογραφία
umbrella	parapluie	ombrello	зонт/зонтик	ομπρέλα
money	argent	soldi/denaro	деньги	χρήματα/λεφτά
price	prix	prezzo	цена	τιμή
name	nom	nome	имя	όνομα
address	adresse	indirizzo	адрес	διεύθυνση
lesson	leçon/cours	lezione	урок	μάθημα
word	mot	parola	слово	λέξη
question	question	domanda	вопрос	ερώτηση
language	langue	lingua	язык	γλώσσα
job/work	travail/emploi/métier	lavoro	работа	δουλειά
thing	chose	cosa	вещь	πράγμα
people	gens/personnes	gente/persone	люди	άνθρωποι
family	famille	famiglia	семья	οικογένεια
holiday	vacances	vacanza/vacanze	отпуск/каникулы	διακοπές
birthday	anniversaire	compleanno	день рождения	γενέθλια
party	fête	festa	вечеринка/праздник	πάρτι/γιορτή
music	musique	musica	музыка	μουσική
film	film	film	фильм	ταινία
game	jeu	gioco	игра	παιχνίδι
sport	sport	sport	спорт	άθλημα/σπορ
football	football	calcio	футбол	ποδόσφαιρο
gift	cadeau	regalo	подарок	δώρο
problem	problème	problema	проблема	πρόβλημα
help (noun)	aide	aiuto	помощь	βοήθεια
in	dans/en	in/dentro	в	σε/μέσα
on	sur	su/sopra	на	πάνω/σε
under	sous	sotto	под	κάτω/κάτω από
with	avec	con	с	με
without	sans	senza	без	χωρίς
for	pour	per	для/за	για
from	de/depuis	da/di	из/от	από
to	à	a	к/в	σε/προς/στο
before	avant	prima	до/перед	πριν
after	après	dopo	после	μετά
between	entre	tra/fra	между	μεταξύ/ανάμεσα
near	près	vicino	близко/рядом	κοντά
far	loin	lontano	далеко	μακριά/μακριά
here	ici	qui/qua	здесь/тут	εδώ
there	là	lì/là	там	εκεί
left	gauche	sinistra	левый/налево/слева	αριστερά/αριστερός
right (direction)	droite	destra	правый/направо/справа	δεξιά/δεξιός
straight on	tout droit	dritto/sempre dritto/diritto	прямо	ευθεία/κατευθείαν/ίσια
behind	derrière	dietro	за/позади	πίσω
in front of	devant	davanti	перед/впереди	μπροστά/εμπρός
next to	à côté de	accanto/vicino a	рядом/около	δίπλα
and	et	e/ed	и	και
but	mais	ma/però	но/а	αλλά/όμως
or	ou	o/oppure	или	ή
because	parce que/car	perché/poiché	потому что/так как	επειδή/γιατί
very	très	molto	очень	πολύ
also	aussi	anche	тоже/также	επίσης/και
not	pas/ne	non	не	δεν/μη
all	tout	tutto	весь/все	όλος/όλα/όλοι
some	quelques/des	alcuni/qualche/dei	несколько/некоторые	μερικοί/κάποιοι/μερικά
many	beaucoup	molto/tanti	много	πολύς/πολλοί/πολλά
a little	un peu	un po'/poco	немного/мало	λίγο/λίγος
more	plus	più	больше/ещё	περισσότερο/πιο
enough	assez	abbastanza	достаточно/хватит	αρκετά/αρκετός
only	seulement/juste	solo/soltanto	только	μόνο
again	encore/de nouveau	ancora/di nuovo	опять/снова	πάλι/ξανά
then	puis/ensuite	poi/allora	потом/затем	μετά/τότε
already	déjà	già	уже	ήδη/ηδη
still	encore	ancora	ещё/еще	ακόμα/ακόμη
maybe	peut-être	forse	может быть/возможно	ίσως
really	vraiment	davvero/veramente	правда/действительно	πραγματικά/αλήθεια
turn	tourner	girare	поворачивать/повернуть	στρίβω/γυρίζω
north	nord	nord	север	βορράς/βορράς/βόρεια
south	sud	sud	юг	νότος/νότια
east	est	est	восток	ανατολή/ανατολικά
west	ouest	ovest	запад	δύση/δυτικά
