Category,English,Greek,Transliteration
Numbers,zero,μηδέν,midén
Numbers,one,ένα,éna
Numbers,two,δύο,dío
Numbers,three,τρία,tría
Numbers,four,τέσσερα,téssera
Numbers,five,πέντε,pénde
Numbers,six,έξι,éxi
Numbers,seven,επτά,eptá
Numbers,eight,οκτώ,októ
Numbers,nine,εννέα,ennéa
Numbers,ten,δέκα,déka
Numbers,eleven,έντεκα,éndeka
Numbers,twelve,δώδεκα,dódeka
Numbers,thirteen,δεκατρία,dekatría
Numbers,fourteen,δεκατέσσερα,dekatéssera
Numbers,fifteen,δεκαπέντε,dekapénde
Numbers,sixteen,δεκαέξι,dekaéxi
Numbers,seventeen,δεκαεπτά,dekaeptá
Numbers,eighteen,δεκαοκτώ,dekaoktó
Numbers,nineteen,δεκαεννέα,dekaennéa
Numbers,twenty,είκοσι,íkosi
Numbers,thirty,τριάντα,triánda
Numbers,forty,σαράντα,saránda
Numbers,fifty,πενήντα,penínda
Numbers,sixty,εξήντα,exínda
Numbers,seventy,εβδομήντα,evdomínda
Numbers,eighty,ογδόντα,ogdónda
Numbers,ninety,ενενήντα,enenínda
Numbers,hundred,εκατό,ekató
Days,Monday,Δευτέρα,Deftéra
Days,Tuesday,Τρίτη,Tríti
Days,Wednesday,Τετάρτη,Tetárti
Days,Thursday,Πέμπτη,Pémpti
Days,Friday,Παρασκευή,Paraskeví
Days,Saturday,Σάββατο,Sávato
Days,Sunday,Κυριακή,Kiriakí
Months,January,Ιανουάριος,Ianouários
Months,February,Φεβρουάριος,Fevrouários
Months,March,Μάρτιος,Mártios
Months,April,Απρίλιος,Aprílios
Months,May,Μάιος,Máios
Months,June,Ιούνιος,Ioúnios
Months,July,Ιούλιος,Ioúlios
Months,August,Αύγουστος,Ávgoustos
Months,September,Σεπτέμβριος,Septémvrios
Months,October,Οκτώβριος,Októvrios
Months,November,Νοέμβριος,Noémvrios
Months,December,Δεκέμβριος,Dekémvrios
Seasons,spring,άνοιξη,ánixi
Seasons,summer,καλοκαίρι,kalokéri
Seasons,autumn,φθινόπωρο,fthinóporo
Seasons,winter,χειμώνας,chimónas
Colors,white,άσπρο,áspro
Colors,black,μαύρο,mávro
Colors,red,κόκκινο,kókkino
Colors,blue,μπλε,ble
Colors,green,πράσινο,prásino
Colors,yellow,κίτρινο,kítrino
Colors,orange,πορτοκαλί,portokalí
Colors,pink,ροζ,roz
Colors,brown,καφέ,kafé
Colors,grey,γκρι,gri
Colors,purple,μοβ,mov
Colors,gold,χρυσό,chrysó
Family,mother,μητέρα,mitéra
Family,father,πατέρας,patéras
Family,parents,γονείς,gonís
Family,son,γιος,yos
Family,daughter,κόρη,kóri
Family,child,παιδί,pedí
Family,brother,αδελφός,adelfós
Family,sister,αδελφή,adelfí
Family,grandmother,γιαγιά,yayá
Family,grandfather,παππούς,papoús
Family,husband,σύζυγος,sízygos
Family,wife,σύζυγος,sízygos
Family,family,οικογένεια,ikogénia
Family,uncle,θείος,thíos
Family,aunt,θεία,thía
Family,cousin,ξάδελφος,xádelfos
Family,baby,μωρό,moró
Family,man,άντρας,ándras
Family,woman,γυναίκα,gynéka
Family,friend,φίλος,fílos
Greetings,hello,γεια,ya
Greetings,goodbye,αντίο,adío
Greetings,please,παρακαλώ,parakaló
Greetings,thank you,ευχαριστώ,efcharistó
Greetings,you're welcome,παρακαλώ,parakaló
Greetings,yes,ναι,ne
Greetings,no,όχι,óchi
Greetings,excuse me,συγγνώμη,signómi
Greetings,sorry,λυπάμαι,lipáme
Greetings,good morning,καλημέρα,kaliméra
Greetings,good evening,καλησπέρα,kalispéra
Greetings,good night,καληνύχτα,kaliníchta
Greetings,how are you,τι κάνεις,ti kánis
Greetings,nice to meet you,χάρηκα,chárika
Greetings,welcome,καλώς ήρθες,kalós írthes
Questions,what,τι,ti
Questions,who,ποιος,pios
Questions,where,πού,poú
Questions,when,πότε,póte
Questions,why,γιατί,yatí
Questions,how,πώς,pos
Questions,how much/many,πόσο,póso
Questions,which,ποιος,pios
Questions,whose,τίνος,tínos
Questions,whom,ποιον,pion
Pronouns,I,εγώ,egó
Pronouns,you (sg),εσύ,esí
Pronouns,he,αυτός,aftós
Pronouns,she,αυτή,aftí
Pronouns,we,εμείς,emís
Pronouns,you (pl),εσείς,esís
Pronouns,they,αυτοί,aftí
Pronouns,this,αυτό,aftó
Pronouns,that,εκείνο,ekíno
Pronouns,my,δικό μου,dikó mou
Pronouns,your,δικό σου,dikó sou
Pronouns,our,δικό μας,dikó mas
Time,today,σήμερα,símera
Time,tomorrow,αύριο,ávrio
Time,yesterday,χτες,chtes
Time,now,τώρα,tóra
Time,later,αργότερα,argótera
Time,morning,πρωί,proí
Time,afternoon,απόγευμα,apógevma
Time,evening,βράδυ,vrádi
Time,night,νύχτα,níchta
Time,week,εβδομάδα,evdomáda
Time,month,μήνας,mínas
Time,year,χρόνος,chrónos
Time,hour,ώρα,óra
Time,minute,λεπτό,leptó
Time,day,μέρα,méra
Verbs,to be,είμαι,íme
Verbs,to have,έχω,écho
Verbs,to do/make,κάνω,káno
Verbs,to go,πηγαίνω,piyéno
Verbs,to come,έρχομαι,érchome
Verbs,to want,θέλω,thélo
Verbs,to be able to/can,μπορώ,boró
Verbs,to know,ξέρω,xéro
Verbs,to see,βλέπω,vlépo
Verbs,to say/tell,λέω,léo
Verbs,to speak,μιλάω,miláo
Verbs,to eat,τρώω,tróo
Verbs,to drink,πίνω,píno
Verbs,to sleep,κοιμάμαι,kimáme
Verbs,to live,ζω,zo
Verbs,to work,δουλεύω,doulévo
Verbs,to study,σπουδάζω,spoudázo
Verbs,to read,διαβάζω,diavázo
Verbs,to write,γράφω,gráfo
Verbs,to listen,ακούω,akoúo
Verbs,to look/watch,κοιτάζω,kitázo
Verbs,to understand,καταλαβαίνω,katalavéno
Verbs,to think,σκέφτομαι,skéftome
Verbs,to love,αγαπώ,agapó
Verbs,to like,μου αρέσει,mou arési
Verbs,to need,χρειάζομαι,chriázome
Verbs,to buy,αγοράζω,agorázo
Verbs,to sell,πουλάω,pouláo
Verbs,to pay,πληρώνω,pliróno
Verbs,to open,ανοίγω,anígo
Verbs,to close,κλείνω,klíno
Verbs,to give,δίνω,díno
Verbs,to take,παίρνω,pérno
Verbs,to walk,περπατώ,perpató
Verbs,to run,τρέχω,trécho
Verbs,to stop,σταματάω,stamatáo
Verbs,to start/begin,αρχίζω,archízo
Verbs,to finish,τελειώνω,telióno
Verbs,to play,παίζω,pézo
Verbs,to sing,τραγουδώ,tragoudó
Verbs,to dance,χορεύω,chorévo
Verbs,to wait,περιμένω,periméno
Verbs,to look for,ψάχνω,psáchno
Verbs,to find,βρίσκω,vrísko
Verbs,to ask,ρωτάω,rotáo
Verbs,to answer,απαντώ,apantó
Verbs,to help,βοηθάω,voitháo
Verbs,to remember,θυμάμαι,thymáme
Verbs,to forget,ξεχνάω,xechnáo
Verbs,to feel,νιώθω,niótho
Verbs,to arrive,φτάνω,ftáno
Verbs,to leave,φεύγω,févgo
Verbs,to enter,μπαίνω,béno
Verbs,to exit,βγαίνω,vyéno
Verbs,to stand,στέκομαι,stékome
Verbs,to sit,κάθομαι,káthome
Verbs,to fall,πέφτω,péfto
Verbs,to bring,φέρνω,férno
Verbs,to carry,κουβαλάω,kouvaláo
Verbs,to cook,μαγειρεύω,mayirévo
Verbs,to clean,καθαρίζω,katharízo
Verbs,to wash,πλένω,pléno
Verbs,to drive,οδηγώ,odigó
Verbs,to fly,πετάω,petáo
Verbs,to swim,κολυμπάω,kolimbáo
Verbs,to laugh,γελάω,geláo
Verbs,to cry,κλαίω,kléo
Verbs,to exist,υπάρχω,ypárcho
Verbs,to change,αλλάζω,allázo
Verbs,to learn,μαθαίνω,mathéno
Verbs,to teach,διδάσκω,didásko
Adjectives,big,μεγάλος,megálos
Adjectives,small,μικρός,mikrós
Adjectives,good,καλός,kalós
Adjectives,bad,κακός,kakós
Adjectives,new,καινούριος,kenoúrios
Adjectives,old,παλιός,paliós
Adjectives,young,νέος,néos
Adjectives,happy,χαρούμενος,charoúmenos
Adjectives,sad,λυπημένος,lypiménos
Adjectives,beautiful,όμορφος,ómorfos
Adjectives,ugly,άσχημος,áschimos
Adjectives,tall,ψηλός,psilós
Adjectives,short,κοντός,kondós
Adjectives,long,μακρύς,makrís
Adjectives,fast,γρήγορος,grígoros
Adjectives,slow,αργός,argós
Adjectives,hot,ζεστός,zestós
Adjectives,cold,κρύος,kríos
Adjectives,easy,εύκολος,éfkolos
Adjectives,difficult,δύσκολος,dískolos
Adjectives,strong,δυνατός,dynatós
Adjectives,weak,αδύναμος,adínamos
Adjectives,rich,πλούσιος,ploúsios
Adjectives,poor,φτωχός,ftochós
Adjectives,clean,καθαρός,katharós
Adjectives,dirty,βρώμικος,vrómikos
Adjectives,full,γεμάτος,gemátos
Adjectives,empty,άδειος,ádios
Adjectives,open,ανοιχτός,anichtós
Adjectives,closed,κλειστός,klistós
Adjectives,early,νωρίς,norís
Adjectives,late,αργά,argá
Adjectives,near,κοντά,kondá
Adjectives,far,μακριά,makriá
Adjectives,right,δεξιά,dexiá
Adjectives,left,αριστερά,aristerá
Adjectives,heavy,βαρύς,varís
Adjectives,light (weight),ελαφρύς,elafrís
Adjectives,same,ίδιος,ídios
Adjectives,different,διαφορετικός,diaforetikós
Adjectives,important,σημαντικός,simandikós
Adjectives,possible,δυνατός,dynatós
Adjectives,hard,σκληρός,sklirós
Adjectives,soft,μαλακός,malakós
Adjectives,sweet,γλυκός,glikós
Adjectives,bitter,πικρός,pikrós
Adjectives,delicious,νόστιμος,nóstimos
Adjectives,hungry,πεινασμένος,pinasménos
Adjectives,thirsty,διψασμένος,dipsasménos
Adjectives,tired,κουρασμένος,kourasménos
Adjectives,sick,άρρωστος,árostos
Food,bread,ψωμί,psomí
Food,water,νερό,neró
Food,milk,γάλα,gála
Food,coffee,καφές,kafés
Food,tea,τσάι,tsái
Food,wine,κρασί,krasí
Food,beer,μπύρα,bíra
Food,juice,χυμός,chymós
Food,egg,αβγό,avgó
Food,cheese,τυρί,tyrí
Food,butter,βούτυρο,voútyro
Food,meat,κρέας,kréas
Food,chicken,κοτόπουλο,kotópoulo
Food,fish,ψάρι,psári
Food,rice,ρύζι,rízi
Food,pasta,ζυμαρικά,zimariká
Food,soup,σούπα,soúpa
Food,salad,σαλάτα,saláta
Food,fruit,φρούτο,froúto
Food,apple,μήλο,mílo
Food,banana,μπανάνα,banána
Food,orange (fruit),πορτοκάλι,portokáli
Food,tomato,ντομάτα,domáta
Food,potato,πατάτα,patáta
Food,vegetable,λαχανικό,lachanikó
Food,salt,αλάτι,aláti
Food,sugar,ζάχαρη,zácharí
Food,sandwich,σάντουιτς,sándouits
Food,cake,τούρτα,toúrta
Food,ice cream,παγωτό,pagotó
Food,chocolate,σοκολάτα,sokoláta
Food,breakfast,πρωινό,proinó
Food,lunch,μεσημεριανό,mesimerianó
Food,dinner,βραδινό,vradinó
Food,plate,πιάτο,piáto
Food,glass (drinking),ποτήρι,potíri
Food,fork,πιρούνι,piroúni
Food,knife,μαχαίρι,machéri
Food,spoon,κουτάλι,koutáli
Food,napkin,χαρτοπετσέτα,chartopetséta
Food,restaurant,εστιατόριο,estiatório
Food,menu,μενού,menoú
Food,onion,κρεμμύδι,kremídi
Food,garlic,σκόρδο,skórdo
Food,lemon,λεμόνι,lemóni
Food,honey,μέλι,méli
Food,yogurt,γιαούρτι,yaoúrti
Food,pepper,πιπέρι,pipéri
Food,oil,λάδι,ládi
Body,head,κεφάλι,kefáli
Body,face,πρόσωπο,prósopo
Body,eye,μάτι,máti
Body,ear,αυτί,aftí
Body,nose,μύτη,míti
Body,mouth,στόμα,stóma
Body,hand,χέρι,chéri
Body,arm,μπράτσο,brátso
Body,leg,πόδι,pódi
Body,foot,πόδι,pódi
Body,finger,δάχτυλο,dáchtylo
Body,hair,μαλλιά,maliá
Body,tooth,δόντι,dónti
Body,heart,καρδιά,kardiá
Body,back,πλάτη,pláti
Body,stomach,στομάχι,stomáchi
Body,neck,λαιμός,lemós
Body,shoulder,ώμος,ómos
Body,knee,γόνατο,gónato
Body,skin,δέρμα,dérma
Clothing,clothes,ρούχα,roúcha
Clothing,shirt,πουκάμισο,poukámiso
Clothing,trousers/pants,παντελόνι,pandelóni
Clothing,dress,φόρεμα,fórema
Clothing,skirt,φούστα,foústa
Clothing,shoes,παπούτσια,papoútsia
Clothing,socks,κάλτσες,káltses
Clothing,jacket,μπουφάν,boufán
Clothing,coat,παλτό,paltó
Clothing,hat,καπέλο,kapélo
Clothing,t-shirt,μπλούζα,blúza
Clothing,sweater,πουλόβερ,poulóver
Clothing,scarf,κασκόλ,kaskól
Clothing,gloves,γάντια,gándia
Clothing,belt,ζώνη,zóni
House,house,σπίτι,spíti
House,apartment,διαμέρισμα,diamérisma
House,room,δωμάτιο,domátio
House,kitchen,κουζίνα,kouzína
House,bathroom,μπάνιο,bánio
House,bedroom,υπνοδωμάτιο,ypnodomátio
House,living room,σαλόνι,saylóni
House,door,πόρτα,pórta
House,window,παράθυρο,paráthyro
House,table,τραπέζι,trapézi
House,chair,καρέκλα,karékla
House,bed,κρεβάτι,kreváti
House,sofa,καναπές,kanapés
House,wall,τοίχος,tíchos
House,floor,πάτωμα,pátoma
House,roof,στέγη,stégi
House,key,κλειδί,klidí
House,lamp,λάμπα,lámpa
House,mirror,καθρέφτης,kathréftis
House,garden,κήπος,kípos
House,stairs,σκάλα,skála
House,television,τηλεόραση,tileórasi
House,telephone,τηλέφωνο,tiléfono
House,computer,υπολογιστής,ypologistís
House,clock,ρολόι,rolói
Animals,dog,σκύλος,skílos
Animals,cat,γάτα,gáta
Animals,bird,πουλί,poulí
Animals,horse,άλογο,álogo
Animals,cow,αγελάδα,ageláda
Animals,pig,γουρούνι,gouroúni
Animals,sheep,πρόβατο,próvato
Animals,fish (animal),ψάρι,psári
Animals,mouse,ποντίκι,pondíki
Animals,rabbit,κουνέλι,kounéli
Animals,lion,λιοντάρι,liondári
Animals,elephant,ελέφαντας,eléfantas
Animals,bear,αρκούδα,arkoúda
Animals,wolf,λύκος,líkos
Animals,fox,αλεπού,alepoú
Animals,monkey,μαϊμού,maimoú
Animals,duck,πάπια,pápia
Animals,chicken (animal),κότα,kóta
Animals,snake,φίδι,fídi
Animals,butterfly,πεταλούδα,petaloúda
Nature,sun,ήλιος,ílios
Nature,moon,φεγγάρι,feggári
Nature,star,αστέρι,astéri
Nature,sky,ουρανός,ouranós
Nature,rain,βροχή,vrochí
Nature,snow,χιόνι,chióni
Nature,wind,άνεμος,ánemos
Nature,cloud,σύννεφο,sínnefo
Nature,sea,θάλασσα,thálassa
Nature,river,ποτάμι,potámi
Nature,mountain,βουνό,vounó
Nature,forest,δάσος,dásos
Nature,tree,δέντρο,déndro
Nature,flower,λουλούδι,louloúdi
Nature,grass,γρασίδι,grasídi
Nature,stone,πέτρα,pétra
Nature,earth,γη,yi
Nature,fire,φωτιά,fotiá
Nature,air,αέρας,aéras
Nature,weather,καιρός,kerós
Transport,car,αυτοκίνητο,aftokínito
Transport,bus,λεωφορείο,leoforío
Transport,train,τρένο,tréno
Transport,plane,αεροπλάνο,aeropláno
Transport,bicycle,ποδήλατο,podílato
Transport,boat,βάρκα,várka
Transport,taxi,ταξί,taxí
Transport,ship,πλοίο,plío
Transport,metro/subway,μετρό,metró
Transport,motorcycle,μηχανή,michaní
Transport,road,δρόμος,drómos
Transport,airport,αεροδρόμιο,aerodrómio
Places,city,πόλη,póli
Places,street,δρόμος,drómos
Places,school,σχολείο,scholío
Places,hospital,νοσοκομείο,nosokomío
Places,shop/store,μαγαζί,magazí
Places,market,αγορά,agorá
Places,church,εκκλησία,ekklisía
Places,park,πάρκο,párko
Places,bank,τράπεζα,trápeza
Places,station,σταθμός,stathmós
Places,hotel,ξενοδοχείο,xenodochío
Places,library,βιβλιοθήκη,vivliothíki
Places,museum,μουσείο,mousío
Places,university,πανεπιστήμιο,panepistímio
Places,country,χώρα,chóra
Professions,teacher,δάσκαλος,dáskalos
Professions,doctor,γιατρός,yatrós
Professions,student,φοιτητής,fititís
Professions,engineer,μηχανικός,michanikós
Professions,lawyer,δικηγόρος,dikigóros
Professions,nurse,νοσοκόμα,noskóma
Professions,police officer,αστυνομικός,astynomikós
Professions,cook/chef,μάγειρας,máyiras
Professions,driver,οδηγός,odigós
Professions,worker,εργάτης,ergátis
School,book,βιβλίο,vivlío
School,pen,στυλό,stiló
School,pencil,μολύβι,molívi
School,paper,χαρτί,chartí
School,notebook,τετράδιο,tetrádio
School,desk,θρανίο,thranío
School,bag,τσάντα,tsánda
School,money,χρήματα,chrímata
School,letter,γράμμα,gráma
School,map,χάρτης,chártis
School,picture/photo,φωτογραφία,fotografía
School,name,όνομα,ónoma
School,word,λέξη,léxi
School,language,γλώσσα,glóssa
School,question,ερώτηση,erótisi
Prepositions,in,μέσα σε,mésa se
Prepositions,on,πάνω σε,páno se
Prepositions,under,κάτω από,káto apó
Prepositions,with,με,me
Prepositions,without,χωρίς,chorís
Prepositions,before,πριν,prin
Prepositions,after,μετά,metá
Prepositions,between,ανάμεσα,anámesa
Prepositions,towards,προς,pros
Prepositions,from,από,apó
Prepositions,for,για,ya
Prepositions,about,για,ya
Adverbs,very,πολύ,polí
Adverbs,also/too,επίσης,epísis
Adverbs,always,πάντα,pánda
Adverbs,never,ποτέ,poté
Adverbs,often,συχνά,sichná
Adverbs,sometimes,μερικές φορές,merikés forés
Adverbs,here,εδώ,edó
Adverbs,there,εκεί,ekí
Adverbs,maybe,ίσως,ísos
Adverbs,already,ήδη,ídi
Adverbs,still/yet,ακόμα,akóma
Adverbs,more,περισσότερο,perisótero
Adverbs,less,λιγότερο,ligótero
Adverbs,enough,αρκετά,arketá
Adverbs,together,μαζί,mazí
Countries,France,Γαλλία,Gallía
Countries,Italy,Ιταλία,Italía
Countries,Russia,Ρωσία,Rosía
Countries,Greece,Ελλάδα,Elláda
Countries,England,Αγγλία,Anglía
Countries,Germany,Γερμανία,Germanía
Countries,Spain,Ισπανία,Ispanía
Countries,world,κόσμος,kósmos
Countries,America,Αμερική,Amerikí
Countries,China,Κίνα,Kína
Misc,work/job,δουλειά,douliá
Misc,life,ζωή,zoí
Misc,love,αγάπη,agápi
Misc,music,μουσική,mousikí
Misc,film/movie,ταινία,tenía
Misc,game,παιχνίδι,pechnídi
Misc,sport,άθλημα,áthlima
Misc,news,νέα,néa
Misc,problem,πρόβλημα,próvlima
Misc,idea,ιδέα,idéa
Misc,way/road,δρόμος,drómos
Misc,number,αριθμός,arithmós
Misc,color,χρώμα,chróma
Misc,price,τιμή,timí
Misc,gift,δώρο,dóro
Misc,holiday/vacation,διακοπές,diakopés
Misc,party,πάρτι,párti
Misc,dream,όνειρο,óniro
Misc,health,υγεία,igía
Misc,peace,ειρήνη,iríni